person_id,display_last_comma_first,display_first_last,rosterstatus,from_year,to_year,playercode,team_id,team_city,team_name,team_abbreviation,team_code,games_played_flag
203112,Acy, Quincy,Quincy Acy,TRUE,2012,2015,quincy_acy,1610612758,Sacramento,Kings,SAC,kings,Y
203919,Adams, Jordan,Jordan Adams,TRUE,2014,2015,jordan_adams,1610612763,Memphis,Grizzlies,MEM,grizzlies,Y
203500,Adams, Steven,Steven Adams,TRUE,2013,2015,steven_adams,1610612760,Oklahoma City,Thunder,OKC,thunder,Y
201167,Afflalo, Arron,Arron Afflalo,TRUE,2007,2015,arron_afflalo,1610612752,New York,Knicks,NYK,knicks,Y
201582,Ajinca, Alexis,Alexis Ajinca,TRUE,2008,2015,alexis_ajinca,1610612740,New Orleans,Pelicans,NOP,pelicans,Y
202332,Aldrich, Cole,Cole Aldrich,TRUE,2010,2015,cole_aldrich,1610612746,Los Angeles,Clippers,LAC,clippers,Y
200746,Aldridge, LaMarcus,LaMarcus Aldridge,TRUE,2006,2015,lamarcus_aldridge,1610612759,San Antonio,Spurs,SAS,spurs,Y
1626146,Alexander, Cliff,Cliff Alexander,TRUE,2015,2015,cliff_alexander,1610612757,Portland,Trail Blazers,POR,blazers,Y
202730,Allen, Lavoy,Lavoy Allen,TRUE,2011,2015,lavoy_allen,1610612754,Indiana,Pacers,IND,pacers,Y
2754,Allen, Tony,Tony Allen,TRUE,2004,2015,tony_allen,1610612763,Memphis,Grizzlies,MEM,grizzlies,Y
202329,Aminu, Al-Farouq,Al-Farouq Aminu,TRUE,2010,2015,al-farouq_aminu,1610612757,Portland,Trail Blazers,POR,blazers,Y
200811,Amundson, Lou,Lou Amundson,TRUE,2006,2015,lou_amundson,1610612752,New York,Knicks,NYK,knicks,Y
2365,Andersen, Chris,Chris Andersen,TRUE,2001,2015,chris_andersen,1610612763,Memphis,Grizzlies,MEM,grizzlies,Y
101187,Anderson, Alan,Alan Anderson,TRUE,2005,2015,alan_anderson,1610612764,Washington,Wizards,WAS,wizards,Y
202341,Anderson, James,James Anderson,TRUE,2010,2015,james_anderson,1610612758,Sacramento,Kings,SAC,kings,Y
1626147,Anderson, Justin,Justin Anderson,TRUE,2015,2015,justin_anderson,1610612742,Dallas,Mavericks,DAL,mavericks,Y
203937,Anderson, Kyle,Kyle Anderson,TRUE,2014,2015,kyle_anderson,1610612759,San Antonio,Spurs,SAS,spurs,Y
201583,Anderson, Ryan,Ryan Anderson,TRUE,2008,2015,ryan_j_anderson,1610612740,New Orleans,Pelicans,NOP,pelicans,Y
203507,Antetokounmpo, Giannis,Giannis Antetokounmpo,TRUE,2013,2015,giannis_antetokounmpo,1610612749,Milwaukee,Bucks,MIL,bucks,Y
203648,Antetokounmpo, Thanasis,Thanasis Antetokounmpo,TRUE,2015,2015,thanasis_antetokounmpo,1610612752,New York,Knicks,NYK,knicks,Y
2546,Anthony, Carmelo,Carmelo Anthony,TRUE,2003,2015,carmelo_anthony,1610612752,New York,Knicks,NYK,knicks,Y
201202,Anthony, Joel,Joel Anthony,TRUE,2007,2015,joel_anthony,1610612765,Detroit,Pistons,DET,pistons,Y
2772,Ariza, Trevor,Trevor Ariza,TRUE,2004,2015,trevor_ariza,1610612745,Houston,Rockets,HOU,rockets,Y
201589,Arthur, Darrell,Darrell Arthur,TRUE,2008,2015,darrell_arthur,1610612743,Denver,Nuggets,DEN,nuggets,Y
201600,Asik, Omer,Omer Asik,TRUE,2010,2015,omer_asik,1610612740,New Orleans,Pelicans,NOP,pelicans,Y
201571,Augustin, D.J.,D.J. Augustin,TRUE,2008,2015,dj_augustin,1610612743,Denver,Nuggets,DEN,nuggets,Y
201965,Ayres, Jeff,Jeff Ayres,TRUE,2009,2015,jeff_ayres,1610612746,Los Angeles,Clippers,LAC,clippers,Y
202337,Babbitt, Luke,Luke Babbitt,TRUE,2010,2015,luke_babbitt,1610612740,New Orleans,Pelicans,NOP,pelicans,Y
203946,Bairstow, Cameron,Cameron Bairstow,TRUE,2014,2015,cameron_bairstow,1610612741,Chicago,Bulls,CHI,bulls,Y
2571,Barbosa, Leandro,Leandro Barbosa,TRUE,2003,2015,leandro_barbosa,1610612744,Golden State,Warriors,GSW,warriors,Y
200826,Barea, Jose Juan,Jose Juan Barea,TRUE,2006,2015,jose_barea,1610612742,Dallas,Mavericks,DAL,mavericks,Y
203084,Barnes, Harrison,Harrison Barnes,TRUE,2012,2015,harrison_barnes,1610612744,Golden State,Warriors,GSW,warriors,Y
2440,Barnes, Matt,Matt Barnes,TRUE,2002,2015,matt_barnes,1610612763,Memphis,Grizzlies,MEM,grizzlies,Y
203115,Barton, Will,Will Barton,TRUE,2012,2015,will_barton,1610612743,Denver,Nuggets,DEN,nuggets,Y
101138,Bass, Brandon,Brandon Bass,TRUE,2005,2015,brandon_bass,1610612747,Los Angeles,Lakers,LAL,lakers,Y
201587,Batum, Nicolas,Nicolas Batum,TRUE,2008,2015,nicolas_batum,1610612766,Charlotte,Hornets,CHA,hornets,Y
201573,Bayless, Jerryd,Jerryd Bayless,TRUE,2008,2015,jerryd_bayless,1610612749,Milwaukee,Bucks,MIL,bucks,Y
203382,Baynes, Aron,Aron Baynes,TRUE,2012,2015,aron_baynes,1610612765,Detroit,Pistons,DET,pistons,Y
203145,Bazemore, Kent,Kent Bazemore,TRUE,2012,2015,kent_bazemore,1610612737,Atlanta,Hawks,ATL,hawks,Y
203078,Beal, Bradley,Bradley Beal,TRUE,2012,2015,bradley_beal,1610612764,Washington,Wizards,WAS,wizards,Y
201563,Beasley, Michael,Michael Beasley,TRUE,2008,2015,michael_beasley,1610612745,Houston,Rockets,HOU,rockets,Y
201158,Belinelli, Marco,Marco Belinelli,TRUE,2007,2015,marco_belinelli,1610612758,Sacramento,Kings,SAC,kings,Y
201976,Beverley, Patrick,Patrick Beverley,TRUE,2012,2015,patrick_beverley,1610612745,Houston,Rockets,HOU,rockets,Y
202687,Biyombo, Bismack,Bismack Biyombo,TRUE,2011,2015,bismack_biyombo,1610612761,Toronto,Raptors,TOR,raptors,Y
202357,Bjelica, Nemanja,Nemanja Bjelica,TRUE,2015,2015,nemanja_bjelica,1610612750,Minnesota,Timberwolves,MIN,timberwolves,Y
204028,Black, Tarik,Tarik Black,TRUE,2014,2015,tarik_black,1610612747,Los Angeles,Lakers,LAL,lakers,Y
2581,Blake, Steve,Steve Blake,TRUE,2003,2015,steve_blake,1610612765,Detroit,Pistons,DET,pistons,Y
202339,Bledsoe, Eric,Eric Bledsoe,TRUE,2010,2015,eric_bledsoe,1610612756,Phoenix,Suns,PHX,suns,Y
202711,Bogdanovic, Bojan,Bojan Bogdanovic,TRUE,2014,2015,bojan_bogdanovic,1610612751,Brooklyn,Nets,BKN,nets,Y
101106,Bogut, Andrew,Andrew Bogut,TRUE,2005,2015,andrew_bogut,1610612744,Golden State,Warriors,GSW,warriors,Y
2588,Bonner, Matt,Matt Bonner,TRUE,2004,2015,matt_bonner,1610612759,San Antonio,Spurs,SAS,spurs,Y
1626164,Booker, Devin,Devin Booker,TRUE,2015,2015,devin_booker,1610612756,Phoenix,Suns,PHX,suns,Y
202344,Booker, Trevor,Trevor Booker,TRUE,2010,2015,trevor_booker,1610612762,Utah,Jazz,UTA,jazz,Y
2547,Bosh, Chris,Chris Bosh,TRUE,2003,2015,chris_bosh,1610612748,Miami,Heat,MIA,heat,Y
202340,Bradley, Avery,Avery Bradley,TRUE,2010,2015,avery_bradley,1610612738,Boston,Celtics,BOS,celtics,Y
1882,Brand, Elton,Elton Brand,TRUE,1999,2015,elton_brand,1610612755,Philadelphia,76ers,PHI,sixers,Y
201147,Brewer, Corey,Corey Brewer,TRUE,2007,2015,corey_brewer,1610612745,Houston,Rockets,HOU,rockets,Y
201166,Brooks, Aaron,Aaron Brooks,TRUE,2007,2015,aaron_brooks,1610612741,Chicago,Bulls,CHI,bulls,Y
1626148,Brown, Anthony,Anthony Brown,TRUE,2015,2015,anthony_brown,1610612747,Los Angeles,Lakers,LAL,lakers,Y
203485,Brown, Lorenzo,Lorenzo Brown,TRUE,2013,2015,lorenzo_brown,1610612765,Detroit,Pistons,DET,pistons,Y
203900,Brown, Markel,Markel Brown,TRUE,2014,2015,markel_brown,1610612751,Brooklyn,Nets,BKN,nets,Y
977,Bryant, Kobe,Kobe Bryant,TRUE,1996,2015,kobe_bryant,1610612747,Los Angeles,Lakers,LAL,lakers,Y
201978,Budinger, Chase,Chase Budinger,TRUE,2009,2015,chase_budinger,1610612756,Phoenix,Suns,PHX,suns,Y
203493,Bullock, Reggie,Reggie Bullock,TRUE,2013,2015,reggie_bullock,1610612765,Detroit,Pistons,DET,pistons,Y
203504,Burke, Trey,Trey Burke,TRUE,2013,2015,trey_burke,1610612762,Utah,Jazz,UTA,jazz,Y
202692,Burks, Alec,Alec Burks,TRUE,2011,2015,alec_burks,1610612762,Utah,Jazz,UTA,jazz,Y
2406,Butler, Caron,Caron Butler,TRUE,2002,2015,caron_butler,1610612758,Sacramento,Kings,SAC,kings,Y
202710,Butler, Jimmy,Jimmy Butler,TRUE,2011,2015,jimmy_butler,1610612741,Chicago,Bulls,CHI,bulls,Y
203998,Caboclo, Bruno,Bruno Caboclo,TRUE,2014,2015,bruno_caboclo,1610612761,Toronto,Raptors,TOR,raptors,Y
101181,Calderon, Jose,Jose Calderon,TRUE,2005,2015,jose_calderon,1610612752,New York,Knicks,NYK,knicks,Y
203484,Caldwell-Pope, Kentavious,Kentavious Caldwell-Pope,TRUE,2013,2015,kentavious_caldwell-pope,1610612765,Detroit,Pistons,DET,pistons,Y
203477,Canaan, Isaiah,Isaiah Canaan,TRUE,2013,2015,isaiah_canaan,1610612755,Philadelphia,76ers,PHI,sixers,Y
203991,Capela, Clint,Clint Capela,TRUE,2014,2015,clint_capela,1610612745,Houston,Rockets,HOU,rockets,Y
201960,Carroll, DeMarre,DeMarre Carroll,TRUE,2009,2015,demarre_carroll,1610612761,Toronto,Raptors,TOR,raptors,Y
1713,Carter, Vince,Vince Carter,TRUE,1998,2015,vince_carter,1610612763,Memphis,Grizzlies,MEM,grizzlies,Y
203487,Carter-Williams, Michael,Michael Carter-Williams,TRUE,2013,2015,michael_carter-williams,1610612749,Milwaukee,Bucks,MIL,bucks,Y
201956,Casspi, Omri,Omri Casspi,TRUE,2009,2015,omri_casspi,1610612758,Sacramento,Kings,SAC,kings,Y
1626161,Cauley-Stein, Willie,Willie Cauley-Stein,TRUE,2015,2015,willie_cauley-stein,1610612758,Sacramento,Kings,SAC,kings,Y
2199,Chandler, Tyson,Tyson Chandler,TRUE,2001,2015,tyson_chandler,1610612756,Phoenix,Suns,PHX,suns,Y
201163,Chandler, Wilson,Wilson Chandler,TRUE,2007,2015,wilson_chandler,1610612743,Denver,Nuggets,DEN,nuggets,Y
1626176,Christmas, Rakeem,Rakeem Christmas,TRUE,2015,2015,rakeem_christmas,1610612754,Indiana,Pacers,IND,pacers,Y
203546,Clark, Ian,Ian Clark,TRUE,2013,2015,ian_clark,1610612744,Golden State,Warriors,GSW,warriors,Y
203903,Clarkson, Jordan,Jordan Clarkson,TRUE,2014,2015,jordan_clarkson,1610612747,Los Angeles,Lakers,LAL,lakers,Y
202708,Cole, Norris,Norris Cole,TRUE,2011,2015,norris_cole,1610612740,New Orleans,Pelicans,NOP,pelicans,Y
201954,Collison, Darren,Darren Collison,TRUE,2009,2015,darren_collison,1610612758,Sacramento,Kings,SAC,kings,Y
2555,Collison, Nick,Nick Collison,TRUE,2003,2015,nick_collison,1610612760,Oklahoma City,Thunder,OKC,thunder,Y
201144,Conley, Mike,Mike Conley,TRUE,2007,2015,mike_conley,1610612763,Memphis,Grizzlies,MEM,grizzlies,Y
1626192,Connaughton, Pat,Pat Connaughton,TRUE,2015,2015,pat_connaughton,1610612757,Portland,Trail Blazers,POR,blazers,Y
202326,Cousins, DeMarcus,DeMarcus Cousins,TRUE,2010,2015,demarcus_cousins,1610612758,Sacramento,Kings,SAC,kings,Y
203496,Covington, Robert,Robert Covington,TRUE,2013,2015,robert_covington,1610612755,Philadelphia,76ers,PHI,sixers,Y
203459,Crabbe, Allen,Allen Crabbe,TRUE,2013,2015,allen_crabbe,1610612757,Portland,Trail Blazers,POR,blazers,Y
2037,Crawford, Jamal,Jamal Crawford,TRUE,2000,2015,jamal_crawford,1610612746,Los Angeles,Clippers,LAC,clippers,Y
203109,Crowder, Jae,Jae Crowder,TRUE,2012,2015,jae_crowder,1610612738,Boston,Celtics,BOS,celtics,Y
201967,Cunningham, Dante,Dante Cunningham,TRUE,2009,2015,dante_cunningham,1610612740,New Orleans,Pelicans,NOP,pelicans,Y
203099,Cunningham, Jared,Jared Cunningham,TRUE,2012,2015,jared_cunningham,1610612749,Milwaukee,Bucks,MIL,bucks,Y
203552,Curry, Seth,Seth Curry,TRUE,2013,2015,seth_curry,1610612758,Sacramento,Kings,SAC,kings,Y
201939,Curry, Stephen,Stephen Curry,TRUE,2009,2015,stephen_curry,1610612744,Golden State,Warriors,GSW,warriors,Y
203584,Daniels, Troy,Troy Daniels,TRUE,2013,2015,troy_daniels,1610612766,Charlotte,Hornets,CHA,hornets,Y
203076,Davis, Anthony,Anthony Davis,TRUE,2012,2015,anthony_davis,1610612740,New Orleans,Pelicans,NOP,pelicans,Y
202334,Davis, Ed,Ed Davis,TRUE,2010,2015,ed_davis,1610612757,Portland,Trail Blazers,POR,blazers,Y
1626183,Dawson, Branden,Branden Dawson,TRUE,2015,2015,branden_dawson,1610612746,Los Angeles,Clippers,LAC,clippers,Y
201942,DeRozan, DeMar,DeMar DeRozan,TRUE,2009,2015,demar_derozan,1610612761,Toronto,Raptors,TOR,raptors,Y
203473,Dedmon, Dewayne,Dewayne Dedmon,TRUE,2013,2015,dewayne_dedmon,1610612753,Orlando,Magic,ORL,magic,Y
1626214,Dejean-Jones, Bryce,Bryce Dejean-Jones,TRUE,2015,2015,bryce_dejean-jones,1610612740,New Orleans,Pelicans,NOP,pelicans,Y
1626155,Dekker, Sam,Sam Dekker,TRUE,2015,2015,sam_dekker,1610612745,Houston,Rockets,HOU,rockets,Y
203521,Dellavedova, Matthew,Matthew Dellavedova,TRUE,2013,2015,matthew_dellavedova,1610612739,Cleveland,Cavaliers,CLE,cavaliers,Y
2736,Deng, Luol,Luol Deng,TRUE,2004,2015,luol_deng,1610612748,Miami,Heat,MIA,heat,Y
2564,Diaw, Boris,Boris Diaw,TRUE,2003,2015,boris_diaw,1610612759,San Antonio,Spurs,SAS,spurs,Y
203476,Dieng, Gorgui,Gorgui Dieng,TRUE,2013,2015,gorgui_dieng,1610612750,Minnesota,Timberwolves,MIN,timberwolves,Y
203915,Dinwiddie, Spencer,Spencer Dinwiddie,TRUE,2014,2015,spencer_dinwiddie,1610612765,Detroit,Pistons,DET,pistons,Y
201962,Douglas, Toney,Toney Douglas,TRUE,2009,2015,toney_douglas,1610612740,New Orleans,Pelicans,NOP,pelicans,Y
201609,Dragic, Goran,Goran Dragic,TRUE,2008,2015,goran_dragic,1610612748,Miami,Heat,MIA,heat,Y
203083,Drummond, Andre,Andre Drummond,TRUE,2012,2015,andre_drummond,1610612765,Detroit,Pistons,DET,pistons,Y
201162,Dudley, Jared,Jared Dudley,TRUE,2007,2015,jared_dudley,1610612764,Washington,Wizards,WAS,wizards,Y
1626251,Dukan, Duje,Duje Dukan,TRUE,2015,2015,duje_dukan,1610612758,Sacramento,Kings,SAC,kings,Y
1495,Duncan, Tim,Tim Duncan,TRUE,1997,2015,tim_duncan,1610612759,San Antonio,Spurs,SAS,spurs,Y
2399,Dunleavy, Mike,Mike Dunleavy,TRUE,2002,2015,mike_dunleavy,1610612741,Chicago,Bulls,CHI,bulls,Y
201142,Durant, Kevin,Kevin Durant,TRUE,2007,2015,kevin_durant,1610612760,Oklahoma City,Thunder,OKC,thunder,Y
203921,Early, Cleanthony,Cleanthony Early,TRUE,2014,2015,cleanthony_early,1610612752,New York,Knicks,NYK,knicks,Y
204067,Eddie, Jarell,Jarell Eddie,TRUE,2015,2015,jarell_eddie,1610612764,Washington,Wizards,WAS,wizards,Y
201961,Ellington, Wayne,Wayne Ellington,TRUE,2009,2015,wayne_ellington,1610612751,Brooklyn,Nets,BKN,nets,Y
101145,Ellis, Monta,Monta Ellis,TRUE,2005,2015,monta_ellis,1610612754,Indiana,Pacers,IND,pacers,Y
203954,Embiid, Joel,Joel Embiid,TRUE,2014,2015,joel_embiid,1610612755,Philadelphia,76ers,PHI,sixers,N
203516,Ennis, James,James Ennis,TRUE,2014,2015,james_ennis,1610612740,New Orleans,Pelicans,NOP,pelicans,Y
203898,Ennis, Tyler,Tyler Ennis,TRUE,2014,2015,tyler_ennis,1610612749,Milwaukee,Bucks,MIL,bucks,Y
202379,Evans, Jeremy,Jeremy Evans,TRUE,2010,2015,jeremy_evans,1610612742,Dallas,Mavericks,DAL,mavericks,Y
201936,Evans, Tyreke,Tyreke Evans,TRUE,2009,2015,tyreke_evans,1610612740,New Orleans,Pelicans,NOP,pelicans,Y
203957,Exum, Dante,Dante Exum,TRUE,2014,2015,dante_exum,1610612762,Utah,Jazz,UTA,jazz,Y
203105,Ezeli, Festus,Festus Ezeli,TRUE,2012,2015,festus_ezeli,1610612744,Golden State,Warriors,GSW,warriors,Y
202702,Faried, Kenneth,Kenneth Faried,TRUE,2011,2015,kenneth_faried,1610612743,Denver,Nuggets,DEN,nuggets,Y
200770,Farmar, Jordan,Jordan Farmar,TRUE,2006,2015,jordan_farmar,1610612763,Memphis,Grizzlies,MEM,grizzlies,Y
202324,Favors, Derrick,Derrick Favors,TRUE,2010,2015,derrick_favors,1610612762,Utah,Jazz,UTA,jazz,Y
1626245,Felicio, Cristiano,Cristiano Felicio,TRUE,2015,2015,cristiano_felicio,1610612741,Chicago,Bulls,CHI,bulls,Y
101109,Felton, Raymond,Raymond Felton,TRUE,2005,2015,raymond_felton,1610612742,Dallas,Mavericks,DAL,mavericks,Y
203095,Fournier, Evan,Evan Fournier,TRUE,2012,2015,evan_fournier,1610612753,Orlando,Magic,ORL,magic,Y
200751,Foye, Randy,Randy Foye,TRUE,2006,2015,randy_foye,1610612760,Oklahoma City,Thunder,OKC,thunder,Y
204025,Frazier, Tim,Tim Frazier,TRUE,2014,2015,tim_frazier,1610612740,New Orleans,Pelicans,NOP,pelicans,Y
101112,Frye, Channing,Channing Frye,TRUE,2005,2015,channing_frye,1610612739,Cleveland,Cavaliers,CLE,cavaliers,Y
201568,Gallinari, Danilo,Danilo Gallinari,TRUE,2008,2015,danilo_gallinari,1610612743,Denver,Nuggets,DEN,nuggets,Y
204038,Galloway, Langston,Langston Galloway,TRUE,2014,2015,langston_galloway,1610612752,New York,Knicks,NYK,knicks,Y
708,Garnett, Kevin,Kevin Garnett,TRUE,1995,2015,kevin_garnett,1610612750,Minnesota,Timberwolves,MIN,timberwolves,Y
201188,Gasol, Marc,Marc Gasol,TRUE,2008,2015,marc_gasol,1610612763,Memphis,Grizzlies,MEM,grizzlies,Y
2200,Gasol, Pau,Pau Gasol,TRUE,2001,2015,pau_gasol,1610612741,Chicago,Bulls,CHI,bulls,Y
200752,Gay, Rudy,Rudy Gay,TRUE,2006,2015,rudy_gay,1610612758,Sacramento,Kings,SAC,kings,Y
202087,Gee, Alonzo,Alonzo Gee,TRUE,2009,2015,alonzo_gee,1610612740,New Orleans,Pelicans,NOP,pelicans,Y
202331,George, Paul,Paul George,TRUE,2010,2015,paul_george,1610612754,Indiana,Pacers,IND,pacers,Y
201959,Gibson, Taj,Taj Gibson,TRUE,2009,2015,taj_gibson,1610612741,Chicago,Bulls,CHI,bulls,Y
1938,Ginobili, Manu,Manu Ginobili,TRUE,2002,2015,emanuel_ginobili,1610612759,San Antonio,Spurs,SAS,spurs,Y
203497,Gobert, Rudy,Rudy Gobert,TRUE,2013,2015,rudy_gobert,1610612762,Utah,Jazz,UTA,jazz,Y
2400,Gooden, Drew,Drew Gooden,TRUE,2002,2015,drew_gooden,1610612764,Washington,Wizards,WAS,wizards,Y
203462,Goodwin, Archie,Archie Goodwin,TRUE,2013,2015,archie_goodwin,1610612756,Phoenix,Suns,PHX,suns,Y
203932,Gordon, Aaron,Aaron Gordon,TRUE,2014,2015,aaron_gordon,1610612753,Orlando,Magic,ORL,magic,Y
201569,Gordon, Eric,Eric Gordon,TRUE,2008,2015,eric_gordon,1610612740,New Orleans,Pelicans,NOP,pelicans,Y
101162,Gortat, Marcin,Marcin Gortat,TRUE,2007,2015,marcin_gortat,1610612764,Washington,Wizards,WAS,wizards,Y
202726,Goudelock, Andrew,Andrew Goudelock,TRUE,2011,2015,andrew_goudelock,1610612745,Houston,Rockets,HOU,rockets,Y
203924,Grant, Jerami,Jerami Grant,TRUE,2014,2015,jerami_grant,1610612755,Philadelphia,76ers,PHI,sixers,Y
1626170,Grant, Jerian,Jerian Grant,TRUE,2015,2015,jerian_grant,1610612752,New York,Knicks,NYK,knicks,Y
201980,Green, Danny,Danny Green,TRUE,2009,2015,daniel_green,1610612759,San Antonio,Spurs,SAS,spurs,Y
203110,Green, Draymond,Draymond Green,TRUE,2012,2015,draymond_green,1610612744,Golden State,Warriors,GSW,warriors,Y
101123,Green, Gerald,Gerald Green,TRUE,2005,2015,gerald_green,1610612748,Miami,Heat,MIA,heat,Y
203210,Green, JaMychal,JaMychal Green,TRUE,2014,2015,jamychal_green,1610612763,Memphis,Grizzlies,MEM,grizzlies,Y
201145,Green, Jeff,Jeff Green,TRUE,2007,2015,jeff_green,1610612746,Los Angeles,Clippers,LAC,clippers,Y
201933,Griffin, Blake,Blake Griffin,TRUE,2009,2015,blake_griffin,1610612746,Los Angeles,Clippers,LAC,clippers,Y
203268,Gutierrez, Jorge,Jorge Gutierrez,TRUE,2013,2015,jorge_gutierrez,1610612766,Charlotte,Hornets,CHA,hornets,Y
203798,Hairston, PJ,PJ Hairston,TRUE,2014,2015,pj_hairston,1610612763,Memphis,Grizzlies,MEM,grizzlies,Y
202706,Hamilton, Jordan,Jordan Hamilton,TRUE,2011,2015,jordan_hamilton,1610612740,New Orleans,Pelicans,NOP,pelicans,Y
201946,Hansbrough, Tyler,Tyler Hansbrough,TRUE,2009,2015,tyler_hansbrough,1610612766,Charlotte,Hornets,CHA,hornets,Y
203501,Hardaway Jr., Tim,Tim Hardaway Jr.,TRUE,2013,2015,timothy_hardaway,1610612737,Atlanta,Hawks,ATL,hawks,Y
201935,Harden, James,James Harden,TRUE,2009,2015,james_harden,1610612745,Houston,Rockets,HOU,rockets,Y
203090,Harkless, Maurice,Maurice Harkless,TRUE,2012,2015,maurice_harkless,1610612757,Portland,Trail Blazers,POR,blazers,Y
1626149,Harrell, Montrezl,Montrezl Harrell,TRUE,2015,2015,montrezl_harrell,1610612745,Houston,Rockets,HOU,rockets,Y
2734,Harris, Devin,Devin Harris,TRUE,2004,2015,devin_harris,1610612742,Dallas,Mavericks,DAL,mavericks,Y
203914,Harris, Gary,Gary Harris,TRUE,2014,2015,gary_harris,1610612743,Denver,Nuggets,DEN,nuggets,Y
202699,Harris, Tobias,Tobias Harris,TRUE,2011,2015,tobias_harris,1610612765,Detroit,Pistons,DET,pistons,Y
1626151,Harrison, Aaron,Aaron Harrison,TRUE,2015,2015,aaron_harrison,1610612766,Charlotte,Hornets,CHA,hornets,Y
2617,Haslem, Udonis,Udonis Haslem,TRUE,2003,2015,udonis_haslem,1610612748,Miami,Heat,MIA,heat,Y
201150,Hawes, Spencer,Spencer Hawes,TRUE,2007,2015,spencer_hawes,1610612766,Charlotte,Hornets,CHA,hornets,Y
202330,Hayward, Gordon,Gordon Hayward,TRUE,2010,2015,gordon_hayward,1610612762,Utah,Jazz,UTA,jazz,Y
201945,Henderson, Gerald,Gerald Henderson,TRUE,2009,2015,gerald_henderson,1610612757,Portland,Trail Blazers,POR,blazers,Y
203089,Henson, John,John Henson,TRUE,2012,2015,john_henson,1610612749,Milwaukee,Bucks,MIL,bucks,Y
1626209,Hezonja, Mario,Mario Hezonja,TRUE,2015,2015,mario_hezonja,1610612753,Orlando,Magic,ORL,magic,Y
201579,Hibbert, Roy,Roy Hibbert,TRUE,2008,2015,roy_hibbert,1610612747,Los Angeles,Lakers,LAL,lakers,Y
201581,Hickson, JJ,JJ Hickson,TRUE,2008,2015,jj_hickson,1610612764,Washington,Wizards,WAS,wizards,Y
2403,Nene,Nene,TRUE,2002,2015,nene,1610612764,Washington,Wizards,WAS,wizards,Y
201588,Hill, George,George Hill,TRUE,2008,2015,george_hill,1610612754,Indiana,Pacers,IND,pacers,Y
201941,Hill, Jordan,Jordan Hill,TRUE,2009,2015,jordan_hill,1610612754,Indiana,Pacers,IND,pacers,Y
203524,Hill, Solomon,Solomon Hill,TRUE,2013,2015,solomon_hill,1610612754,Indiana,Pacers,IND,pacers,Y
1626199,Hilliard, Darrun,Darrun Hilliard,TRUE,2015,2015,darrun_hilliard,1610612765,Detroit,Pistons,DET,pistons,Y
2550,Hinrich, Kirk,Kirk Hinrich,TRUE,2003,2015,kirk_hinrich,1610612737,Atlanta,Hawks,ATL,hawks,Y
201950,Holiday, Jrue,Jrue Holiday,TRUE,2009,2015,jrue_holiday,1610612740,New Orleans,Pelicans,NOP,pelicans,Y
203200,Holiday, Justin,Justin Holiday,TRUE,2012,2015,justin_holiday,1610612741,Chicago,Bulls,CHI,bulls,Y
200797,Hollins, Ryan,Ryan Hollins,TRUE,2006,2015,ryan_hollins,1610612763,Memphis,Grizzlies,MEM,grizzlies,Y
1626178,Hollis-Jefferson, Rondae,Rondae Hollis-Jefferson,TRUE,2015,2015,rondae_hollis-jefferson,1610612751,Brooklyn,Nets,BKN,nets,Y
1626158,Holmes, Richaun,Richaun Holmes,TRUE,2015,2015,richaun_holmes,1610612755,Philadelphia,76ers,PHI,sixers,Y
203918,Hood, Rodney,Rodney Hood,TRUE,2014,2015,rodney_hood,1610612762,Utah,Jazz,UTA,jazz,Y
201143,Horford, Al,Al Horford,TRUE,2007,2015,al_horford,1610612737,Atlanta,Hawks,ATL,hawks,Y
2730,Howard, Dwight,Dwight Howard,TRUE,2004,2015,dwight_howard,1610612745,Houston,Rockets,HOU,rockets,Y
1626273,Huertas, Marcelo,Marcelo Huertas,TRUE,2015,2015,marcelo_huertas,1610612747,Los Angeles,Lakers,LAL,lakers,Y
203962,Huestis, Josh,Josh Huestis,TRUE,2015,2015,josh_huestis,1610612760,Oklahoma City,Thunder,OKC,thunder,Y
2743,Humphries, Kris,Kris Humphries,TRUE,2004,2015,kris_humphries,1610612737,Atlanta,Hawks,ATL,hawks,Y
1626154,Hunter, RJ,RJ Hunter,TRUE,2015,2015,rj_hunter,1610612738,Boston,Celtics,BOS,celtics,Y
201586,Ibaka, Serge,Serge Ibaka,TRUE,2009,2015,serge_ibaka,1610612760,Oklahoma City,Thunder,OKC,thunder,Y
2738,Iguodala, Andre,Andre Iguodala,TRUE,2004,2015,andre_iguodala,1610612744,Golden State,Warriors,GSW,warriors,Y
101141,Ilyasova, Ersan,Ersan Ilyasova,TRUE,2006,2015,ersan_ilyasova,1610612753,Orlando,Magic,ORL,magic,Y
204060,Ingles, Joe,Joe Ingles,TRUE,2014,2015,joe_ingles,1610612762,Utah,Jazz,UTA,jazz,Y
203996,Inglis, Damien,Damien Inglis,TRUE,2014,2015,damien_inglis,1610612749,Milwaukee,Bucks,MIL,bucks,Y
202681,Irving, Kyrie,Kyrie Irving,TRUE,2011,2015,kyrie_irving,1610612739,Cleveland,Cavaliers,CLE,cavaliers,Y
101127,Jack, Jarrett,Jarrett Jack,TRUE,2005,2015,jarrett_jack,1610612751,Brooklyn,Nets,BKN,nets,Y
202704,Jackson, Reggie,Reggie Jackson,TRUE,2011,2015,reggie_jackson,1610612765,Detroit,Pistons,DET,pistons,Y
2544,James, LeBron,LeBron James,TRUE,2003,2015,lebron_james,1610612739,Cleveland,Cavaliers,CLE,cavaliers,Y
2744,Jefferson, Al,Al Jefferson,TRUE,2004,2015,al_jefferson,1610612766,Charlotte,Hornets,CHA,hornets,Y
2210,Jefferson, Richard,Richard Jefferson,TRUE,2001,2015,richard_jefferson,1610612739,Cleveland,Cavaliers,CLE,cavaliers,Y
203098,Jenkins, John,John Jenkins,TRUE,2012,2015,john_jenkins,1610612756,Phoenix,Suns,PHX,suns,Y
201943,Jennings, Brandon,Brandon Jennings,TRUE,2009,2015,brandon_jennings,1610612753,Orlando,Magic,ORL,magic,Y
201973,Jerebko, Jonas,Jonas Jerebko,TRUE,2009,2015,jonas_jerebko,1610612738,Boston,Celtics,BOS,celtics,Y
101161,Johnson, Amir,Amir Johnson,TRUE,2005,2015,amir_johnson,1610612738,Boston,Celtics,BOS,celtics,Y
203187,Johnson, Chris,Chris Johnson,TRUE,2012,2015,christapher_johnson,1610612762,Utah,Jazz,UTA,jazz,Y
201949,Johnson, James,James Johnson,TRUE,2009,2015,james_johnson,1610612761,Toronto,Raptors,TOR,raptors,Y
2207,Johnson, Joe,Joe Johnson,TRUE,2001,2015,joe_johnson,1610612748,Miami,Heat,MIA,heat,Y
1626169,Johnson, Stanley,Stanley Johnson,TRUE,2015,2015,stanley_johnson,1610612765,Detroit,Pistons,DET,pistons,Y
204020,Johnson, Tyler,Tyler Johnson,TRUE,2014,2015,tyler_johnson,1610612748,Miami,Heat,MIA,heat,Y
202325,Johnson, Wesley,Wesley Johnson,TRUE,2010,2015,wesley_johnson,1610612746,Los Angeles,Clippers,LAC,clippers,Y
203999,Jokic, Nikola,Nikola Jokic,TRUE,2015,2015,nikola_jokic,1610612743,Denver,Nuggets,DEN,nuggets,Y
2592,Jones, James,James Jones,TRUE,2003,2015,james_jones,1610612739,Cleveland,Cavaliers,CLE,cavaliers,Y
203093,Jones, Terrence,Terrence Jones,TRUE,2012,2015,terrence_jones,1610612745,Houston,Rockets,HOU,rockets,Y
1626145,Jones, Tyus,Tyus Jones,TRUE,2015,2015,tyus_jones,1610612750,Minnesota,Timberwolves,MIN,timberwolves,Y
201599,Jordan, DeAndre,DeAndre Jordan,TRUE,2008,2015,deandre_jordan,1610612746,Los Angeles,Clippers,LAC,clippers,Y
202709,Joseph, Cory,Cory Joseph,TRUE,2011,2015,cory_joseph,1610612761,Toronto,Raptors,TOR,raptors,Y
2549,Kaman, Chris,Chris Kaman,TRUE,2003,2015,chris_kaman,1610612757,Portland,Trail Blazers,POR,blazers,Y
1626163,Kaminsky, Frank,Frank Kaminsky,TRUE,2015,2015,frank_kaminsky,1610612766,Charlotte,Hornets,CHA,hornets,Y
202683,Kanter, Enes,Enes Kanter,TRUE,2011,2015,enes_kanter,1610612760,Oklahoma City,Thunder,OKC,thunder,Y
203508,Karasev, Sergey,Sergey Karasev,TRUE,2013,2015,sergey_karasev,1610612751,Brooklyn,Nets,BKN,nets,Y
201619,Kaun, Sasha,Sasha Kaun,TRUE,2015,2015,sasha_kaun,1610612739,Cleveland,Cavaliers,CLE,cavaliers,Y
203527,Kelly, Ryan,Ryan Kelly,TRUE,2013,2015,ryan_kelly,1610612747,Los Angeles,Lakers,LAL,lakers,Y
203077,Kidd-Gilchrist, Michael,Michael Kidd-Gilchrist,TRUE,2012,2015,michael_kidd-gilchrist,1610612766,Charlotte,Hornets,CHA,hornets,Y
203930,Kilpatrick, Sean,Sean Kilpatrick,TRUE,2014,2015,sean_kilpatrick,1610612751,Brooklyn,Nets,BKN,nets,Y
202688,Knight, Brandon,Brandon Knight,TRUE,2011,2015,brandon_knight,1610612756,Phoenix,Suns,PHX,suns,Y
2594,Korver, Kyle,Kyle Korver,TRUE,2003,2015,kyle_korver,1610612737,Atlanta,Hawks,ATL,hawks,Y
201585,Koufos, Kosta,Kosta Koufos,TRUE,2008,2015,kosta_koufos,1610612758,Sacramento,Kings,SAC,kings,Y
203897,LaVine, Zach,Zach LaVine,TRUE,2014,2015,zach_lavine,1610612750,Minnesota,Timberwolves,MIN,timberwolves,Y
203087,Lamb, Jeremy,Jeremy Lamb,TRUE,2012,2015,jeremy_lamb,1610612766,Charlotte,Hornets,CHA,hornets,Y
201171,Landry, Carl,Carl Landry,TRUE,2007,2015,carl_landry,1610612755,Philadelphia,76ers,PHI,sixers,Y
203499,Larkin, Shane,Shane Larkin,TRUE,2013,2015,shane_larkin,1610612751,Brooklyn,Nets,BKN,nets,Y
203530,Lauvergne, Joffrey,Joffrey Lauvergne,TRUE,2014,2015,joffrey_lauvergne,1610612743,Denver,Nuggets,DEN,nuggets,Y
201951,Lawson, Ty,Ty Lawson,TRUE,2009,2015,ty_lawson,1610612754,Indiana,Pacers,IND,pacers,Y
201584,Lee, Courtney,Courtney Lee,TRUE,2008,2015,courtney_lee,1610612766,Charlotte,Hornets,CHA,hornets,Y
101135,Lee, David,David Lee,TRUE,2005,2015,david_lee,1610612742,Dallas,Mavericks,DAL,mavericks,Y
203458,Len, Alex,Alex Len,TRUE,2013,2015,alex_len,1610612756,Phoenix,Suns,PHX,suns,Y
202695,Leonard, Kawhi,Kawhi Leonard,TRUE,2011,2015,kawhi_leonard,1610612759,San Antonio,Spurs,SAS,spurs,Y
203086,Leonard, Meyers,Meyers Leonard,TRUE,2012,2015,meyers_leonard,1610612757,Portland,Trail Blazers,POR,blazers,Y
202720,Leuer, Jon,Jon Leuer,TRUE,2011,2015,jon_leuer,1610612756,Phoenix,Suns,PHX,suns,Y
203081,Lillard, Damian,Damian Lillard,TRUE,2012,2015,damian_lillard,1610612757,Portland,Trail Blazers,POR,blazers,Y
202391,Lin, Jeremy,Jeremy Lin,TRUE,2010,2015,jeremy_lin,1610612766,Charlotte,Hornets,CHA,hornets,Y
2733,Livingston, Shaun,Shaun Livingston,TRUE,2004,2015,shaun_livingston,1610612744,Golden State,Warriors,GSW,warriors,Y
1626172,Looney, Kevon,Kevon Looney,TRUE,2015,2015,kevon_looney,1610612744,Golden State,Warriors,GSW,warriors,Y
201572,Lopez, Brook,Brook Lopez,TRUE,2008,2015,brook_lopez,1610612751,Brooklyn,Nets,BKN,nets,Y
201577,Lopez, Robin,Robin Lopez,TRUE,2008,2015,robin_lopez,1610612752,New York,Knicks,NYK,knicks,Y
201567,Love, Kevin,Kevin Love,TRUE,2008,2015,kevin_love,1610612739,Cleveland,Cavaliers,CLE,cavaliers,Y
200768,Lowry, Kyle,Kyle Lowry,TRUE,2006,2015,kyle_lowry,1610612761,Toronto,Raptors,TOR,raptors,Y
1626168,Lyles, Trey,Trey Lyles,TRUE,2015,2015,trey_lyles,1610612762,Utah,Jazz,UTA,jazz,Y
202714,Mack, Shelvin,Shelvin Mack,TRUE,2011,2015,shelvin_mack,1610612762,Utah,Jazz,UTA,jazz,Y
101133,Mahinmi, Ian,Ian Mahinmi,TRUE,2007,2015,ian_mahinmi,1610612754,Indiana,Pacers,IND,pacers,Y
203906,Marble, Devyn,Devyn Marble,TRUE,2014,2015,devyn_marble,1610612753,Orlando,Magic,ORL,magic,Y
1626246,Marjanovic, Boban,Boban Marjanovic,TRUE,2015,2015,boban_marjanovic,1610612759,San Antonio,Spurs,SAS,spurs,Y
203088,Marshall, Kendall,Kendall Marshall,TRUE,2012,2015,kendall_marshall,1610612755,Philadelphia,76ers,PHI,sixers,Y
1626185,Martin, Jarell,Jarell Martin,TRUE,2015,2015,jarell_martin,1610612763,Memphis,Grizzlies,MEM,grizzlies,Y
2755,Martin, Kevin,Kevin Martin,TRUE,2004,2015,kevin_martin,1610612759,San Antonio,Spurs,SAS,spurs,Y
202083,Matthews, Wesley,Wesley Matthews,TRUE,2009,2015,wesley_matthews,1610612742,Dallas,Mavericks,DAL,mavericks,Y
201564,Mayo, O.J.,O.J. Mayo,TRUE,2008,2015,oj_mayo,1610612749,Milwaukee,Bucks,MIL,bucks,Y
201601,Mbah a Moute, Luc,Luc Mbah a Moute,TRUE,2008,2015,luc_mbah_a_moute,1610612746,Los Angeles,Clippers,LAC,clippers,Y
203949,McAdoo, James Michael,James Michael McAdoo,TRUE,2014,2015,james_michael_mcadoo,1610612744,Golden State,Warriors,GSW,warriors,Y
203492,McCallum, Ray,Ray McCallum,TRUE,2013,2015,ray_mccallum,1610612763,Memphis,Grizzlies,MEM,grizzlies,Y
203468,McCollum, CJ,CJ McCollum,TRUE,2013,2015,cj_mccollum,1610612757,Portland,Trail Blazers,POR,blazers,Y
204456,McConnell, TJ,TJ McConnell,TRUE,2015,2015,tj_mcconnell,1610612755,Philadelphia,76ers,PHI,sixers,Y
1626191,McCullough, Chris,Chris McCullough,TRUE,2015,2015,chris_mccullough,1610612751,Brooklyn,Nets,BKN,nets,Y
203909,McDaniels, KJ,KJ McDaniels,TRUE,2014,2015,kj_mcdaniels,1610612745,Houston,Rockets,HOU,rockets,Y
203926,McDermott, Doug,Doug McDermott,TRUE,2014,2015,doug_mcdermott,1610612741,Chicago,Bulls,CHI,bulls,Y
203956,McGary, Mitch,Mitch McGary,TRUE,2014,2015,mitch_mcgary,1610612760,Oklahoma City,Thunder,OKC,thunder,Y
201580,McGee, JaVale,JaVale McGee,TRUE,2008,2015,javale_mcgee,1610612742,Dallas,Mavericks,DAL,mavericks,Y
203463,McLemore, Ben,Ben McLemore,TRUE,2013,2015,ben_mclemore,1610612758,Sacramento,Kings,SAC,kings,Y
203895,McRae, Jordan,Jordan McRae,TRUE,2015,2015,jordan_mcrae,1610612739,Cleveland,Cavaliers,CLE,cavaliers,Y
201177,McRoberts, Josh,Josh McRoberts,TRUE,2007,2015,josh_mcroberts,1610612748,Miami,Heat,MIA,heat,Y
201975,Meeks, Jodie,Jodie Meeks,TRUE,2009,2015,jodie_meeks,1610612765,Detroit,Pistons,DET,pistons,Y
1626257,Mejri, Salah,Salah Mejri,TRUE,2015,2015,salah_mejri,1610612742,Dallas,Mavericks,DAL,mavericks,Y
1626175,Mickey, Jordan,Jordan Mickey,TRUE,2015,2015,jordan_mickey,1610612738,Boston,Celtics,BOS,celtics,Y
203114,Middleton, Khris,Khris Middleton,TRUE,2012,2015,khris_middleton,1610612749,Milwaukee,Bucks,MIL,bucks,Y
101139,Miles, CJ,CJ Miles,TRUE,2005,2015,cj_miles,1610612754,Indiana,Pacers,IND,pacers,Y
1889,Miller, Andre,Andre Miller,TRUE,1999,2015,andre_miller,1610612759,San Antonio,Spurs,SAS,spurs,Y
2034,Miller, Mike,Mike Miller,TRUE,2000,2015,mike_miller,1610612743,Denver,Nuggets,DEN,nuggets,Y
201988,Mills, Patty,Patty Mills,TRUE,2009,2015,patrick_mills,1610612759,San Antonio,Spurs,SAS,spurs,Y
200794,Millsap, Paul,Paul Millsap,TRUE,2006,2015,paul_millsap,1610612737,Atlanta,Hawks,ATL,hawks,Y
202703,Mirotic, Nikola,Nikola Mirotic,TRUE,2014,2015,nikola_mirotic,1610612741,Chicago,Bulls,CHI,bulls,Y
1737,Mohammed, Nazr,Nazr Mohammed,TRUE,1998,2015,nazr_mohammed,1610612760,Oklahoma City,Thunder,OKC,thunder,Y
202328,Monroe, Greg,Greg Monroe,TRUE,2010,2015,greg_monroe,1610612749,Milwaukee,Bucks,MIL,bucks,Y
1626242,Montero, Luis,Luis Montero,TRUE,2015,2015,luis_montero,1610612757,Portland,Trail Blazers,POR,blazers,Y
202734,Moore, E'Twaun,E'Twaun Moore,TRUE,2011,2015,etwaun_moore,1610612741,Chicago,Bulls,CHI,bulls,Y
203961,Moreland, Eric,Eric Moreland,TRUE,2014,2015,eric_moreland,1610612758,Sacramento,Kings,SAC,kings,Y
202694,Morris, Marcus,Marcus Morris,TRUE,2011,2015,marcus_morris,1610612765,Detroit,Pistons,DET,pistons,Y
202693,Morris, Markieff,Markieff Morris,TRUE,2011,2015,markieff_morris,1610612764,Washington,Wizards,WAS,wizards,Y
201627,Morrow, Anthony,Anthony Morrow,TRUE,2008,2015,anthony_morrow,1610612760,Oklahoma City,Thunder,OKC,thunder,Y
202700,Motiejunas, Donatas,Donatas Motiejunas,TRUE,2012,2015,donatas_motiejunas,1610612745,Houston,Rockets,HOU,rockets,Y
202389,Mozgov, Timofey,Timofey Mozgov,TRUE,2010,2015,timofey_mozgov,1610612739,Cleveland,Cavaliers,CLE,cavaliers,Y
1626144,Mudiay, Emmanuel,Emmanuel Mudiay,TRUE,2015,2015,emmanuel_mudiay,1610612743,Denver,Nuggets,DEN,nuggets,Y
203498,Muhammad, Shabazz,Shabazz Muhammad,TRUE,2013,2015,shabazz_muhammad,1610612750,Minnesota,Timberwolves,MIN,timberwolves,Y
204098,Munford, Xavier,Xavier Munford,TRUE,2015,2015,xavier_munford,1610612763,Memphis,Grizzlies,MEM,grizzlies,Y
203488,Muscala, Mike,Mike Muscala,TRUE,2013,2015,mike_muscala,1610612737,Atlanta,Hawks,ATL,hawks,Y
1626204,Nance Jr., Larry,Larry Nance Jr.,TRUE,2015,2015,larry_nance,1610612747,Los Angeles,Lakers,LAL,lakers,Y
203894,Napier, Shabazz,Shabazz Napier,TRUE,2014,2015,shabazz_napier,1610612753,Orlando,Magic,ORL,magic,Y
2749,Nelson, Jameer,Jameer Nelson,TRUE,2004,2015,jameer_nelson,1610612743,Denver,Nuggets,DEN,nuggets,Y
203526,Neto, Raul,Raul Neto,TRUE,2015,2015,raulzinho_neto,1610612762,Utah,Jazz,UTA,jazz,Y
203094,Nicholson, Andrew,Andrew Nicholson,TRUE,2012,2015,andrew_nicholson,1610612753,Orlando,Magic,ORL,magic,Y
201149,Noah, Joakim,Joakim Noah,TRUE,2007,2015,joakim_noah,1610612741,Chicago,Bulls,CHI,bulls,Y
203457,Noel, Nerlens,Nerlens Noel,TRUE,2013,2015,nerlens_noel,1610612755,Philadelphia,76ers,PHI,sixers,Y
203512,Nogueira, Lucas,Lucas Nogueira,TRUE,2014,2015,lucas_nogueira,1610612761,Toronto,Raptors,TOR,raptors,Y
200779,Novak, Steve,Steve Novak,TRUE,2006,2015,steve_novak,1610612749,Milwaukee,Bucks,MIL,bucks,Y
1717,Nowitzki, Dirk,Dirk Nowitzki,TRUE,1998,2015,dirk_nowitzki,1610612742,Dallas,Mavericks,DAL,mavericks,Y
203994,Nurkic, Jusuf,Jusuf Nurkic,TRUE,2014,2015,jusuf_nurkic,1610612743,Denver,Nuggets,DEN,nuggets,Y
203948,O'Bryant, Johnny,Johnny O'Bryant,TRUE,2014,2015,johnny_obryant,1610612749,Milwaukee,Bucks,MIL,bucks,Y
203124,O'Quinn, Kyle,Kyle O'Quinn,TRUE,2012,2015,kyle_oquinn,1610612752,New York,Knicks,NYK,knicks,Y
1626143,Okafor, Jahlil,Jahlil Okafor,TRUE,2015,2015,jahlil_okafor,1610612755,Philadelphia,76ers,PHI,sixers,Y
203506,Oladipo, Victor,Victor Oladipo,TRUE,2013,2015,victor_oladipo,1610612753,Orlando,Magic,ORL,magic,Y
203482,Olynyk, Kelly,Kelly Olynyk,TRUE,2013,2015,kelly_olynyk,1610612738,Boston,Celtics,BOS,celtics,Y
1626162,Oubre, Kelly,Kelly Oubre,TRUE,2015,2015,kelly_oubre,1610612764,Washington,Wizards,WAS,wizards,Y
2585,Pachulia, Zaza,Zaza Pachulia,TRUE,2003,2015,zaza_pachulia,1610612742,Dallas,Mavericks,DAL,mavericks,Y
203953,Parker, Jabari,Jabari Parker,TRUE,2014,2015,jabari_parker,1610612749,Milwaukee,Bucks,MIL,bucks,Y
2225,Parker, Tony,Tony Parker,TRUE,2001,2015,tony_parker,1610612759,San Antonio,Spurs,SAS,spurs,Y
202718,Parsons, Chandler,Chandler Parsons,TRUE,2011,2015,chandler_parsons,1610612742,Dallas,Mavericks,DAL,mavericks,Y
203934,Patterson, Lamar,Lamar Patterson,TRUE,2015,2015,lamar_patterson,1610612737,Atlanta,Hawks,ATL,hawks,Y
202335,Patterson, Patrick,Patrick Patterson,TRUE,2010,2015,patrick_patterson,1610612761,Toronto,Raptors,TOR,raptors,Y
101108,Paul, Chris,Chris Paul,TRUE,2005,2015,chris_paul,1610612746,Los Angeles,Clippers,LAC,clippers,Y
203940,Payne, Adreian,Adreian Payne,TRUE,2014,2015,adreian_payne,1610612750,Minnesota,Timberwolves,MIN,timberwolves,Y
1626166,Payne, Cameron,Cameron Payne,TRUE,2015,2015,cameron_payne,1610612760,Oklahoma City,Thunder,OKC,thunder,Y
203901,Payton, Elfrid,Elfrid Payton,TRUE,2014,2015,elfrid_payton,1610612753,Orlando,Magic,ORL,magic,Y
201593,Pekovic, Nikola,Nikola Pekovic,TRUE,2010,2015,nikola_pekovic,1610612750,Minnesota,Timberwolves,MIN,timberwolves,Y
2570,Perkins, Kendrick,Kendrick Perkins,TRUE,2003,2015,kendrick_perkins,1610612740,New Orleans,Pelicans,NOP,pelicans,Y
1718,Pierce, Paul,Paul Pierce,TRUE,1998,2015,paul_pierce,1610612746,Los Angeles,Clippers,LAC,clippers,Y
202353,Pleiss, Tibor,Tibor Pleiss,TRUE,2015,2015,tibor_pleiss,1610612762,Utah,Jazz,UTA,jazz,Y
203486,Plumlee, Mason,Mason Plumlee,TRUE,2013,2015,mason_plumlee,1610612757,Portland,Trail Blazers,POR,blazers,Y
203101,Plumlee, Miles,Miles Plumlee,TRUE,2012,2015,miles_plumlee,1610612749,Milwaukee,Bucks,MIL,bucks,Y
202347,Pondexter, Quincy,Quincy Pondexter,TRUE,2010,2015,quincy_pondexter,1610612740,New Orleans,Pelicans,NOP,pelicans,Y
203490,Porter, Otto,Otto Porter,TRUE,2013,2015,otto_porter,1610612764,Washington,Wizards,WAS,wizards,Y
1626171,Portis, Bobby,Bobby Portis,TRUE,2015,2015,bobby_portis,1610612741,Chicago,Bulls,CHI,bulls,Y
204001,Porzingis, Kristaps,Kristaps Porzingis,TRUE,2015,2015,kristaps_porzingis,1610612752,New York,Knicks,NYK,knicks,Y
203939,Powell, Dwight,Dwight Powell,TRUE,2014,2015,dwight_powell,1610612742,Dallas,Mavericks,DAL,mavericks,Y
1626181,Powell, Norman,Norman Powell,TRUE,2015,2015,norman_powell,1610612761,Toronto,Raptors,TOR,raptors,Y
203515,Pressey, Phil,Phil Pressey,TRUE,2013,2015,phil_pressey,1610612756,Phoenix,Suns,PHX,suns,Y
101179,Price, Ronnie,Ronnie Price,TRUE,2005,2015,ronnie_price,1610612756,Phoenix,Suns,PHX,suns,Y
203143,Prigioni, Pablo,Pablo Prigioni,TRUE,2012,2015,pablo_prigioni,1610612746,Los Angeles,Clippers,LAC,clippers,Y
2419,Prince, Tayshaun,Tayshaun Prince,TRUE,2002,2015,tayshaun_prince,1610612750,Minnesota,Timberwolves,MIN,timberwolves,Y
203944,Randle, Julius,Julius Randle,TRUE,2014,2015,julius_randle,1610612747,Los Angeles,Lakers,LAL,lakers,Y
2216,Randolph, Zach,Zach Randolph,TRUE,2001,2015,zach_randolph,1610612763,Memphis,Grizzlies,MEM,grizzlies,Y
200755,Redick, JJ,JJ Redick,TRUE,2006,2015,jj_redick,1610612746,Los Angeles,Clippers,LAC,clippers,Y
203186,Reed, Willie,Willie Reed,TRUE,2012,2015,willie_reed,1610612751,Brooklyn,Nets,BKN,nets,Y
1626196,Richardson, Josh,Josh Richardson,TRUE,2015,2015,josh_richardson,1610612748,Miami,Heat,MIA,heat,Y
203085,Rivers, Austin,Austin Rivers,TRUE,2012,2015,austin_rivers,1610612746,Los Angeles,Clippers,LAC,clippers,Y
203460,Roberson, Andre,Andre Roberson,TRUE,2013,2015,andre_roberson,1610612760,Oklahoma City,Thunder,OKC,thunder,Y
203148,Roberts, Brian,Brian Roberts,TRUE,2012,2015,brian_roberts,1610612757,Portland,Trail Blazers,POR,blazers,Y
203922,Robinson, Glenn,Glenn Robinson,TRUE,2014,2015,glenn_robinson_iii,1610612754,Indiana,Pacers,IND,pacers,Y
203080,Robinson, Thomas,Thomas Robinson,TRUE,2012,2015,thomas_robinson,1610612751,Brooklyn,Nets,BKN,nets,Y
200765,Rondo, Rajon,Rajon Rondo,TRUE,2006,2015,rajon_rondo,1610612758,Sacramento,Kings,SAC,kings,Y
201565,Rose, Derrick,Derrick Rose,TRUE,2008,2015,derrick_rose,1610612741,Chicago,Bulls,CHI,bulls,Y
203082,Ross, Terrence,Terrence Ross,TRUE,2012,2015,terrence_ross,1610612761,Toronto,Raptors,TOR,raptors,Y
1626179,Rozier, Terry,Terry Rozier,TRUE,2015,2015,terry_rozier,1610612738,Boston,Celtics,BOS,celtics,Y
201937,Rubio, Ricky,Ricky Rubio,TRUE,2011,2015,ricky_rubio,1610612750,Minnesota,Timberwolves,MIN,timberwolves,Y
204014,Rudez, Damjan,Damjan Rudez,TRUE,2014,2015,damjan_rudez,1610612750,Minnesota,Timberwolves,MIN,timberwolves,Y
201575,Rush, Brandon,Brandon Rush,TRUE,2008,2015,brandon_rush,1610612744,Golden State,Warriors,GSW,warriors,Y
1626156,Russell, D'Angelo,D'Angelo Russell,TRUE,2015,2015,dangelo_russell,1610612747,Los Angeles,Lakers,LAL,lakers,Y
203135,Sacre, Robert,Robert Sacre,TRUE,2012,2015,robert_sacre,1610612747,Los Angeles,Lakers,LAL,lakers,Y
203960,Sampson, JaKarr,JaKarr Sampson,TRUE,2014,2015,jakarr_sampson,1610612743,Denver,Nuggets,DEN,nuggets,Y
203471,Schroder, Dennis,Dennis Schroder,TRUE,2013,2015,dennis_schroder,1610612737,Atlanta,Hawks,ATL,hawks,Y
2449,Scola, Luis,Luis Scola,TRUE,2007,2015,luis_scola,1610612761,Toronto,Raptors,TOR,raptors,Y
203118,Scott, Mike,Mike Scott,TRUE,2012,2015,mike_scott,1610612737,Atlanta,Hawks,ATL,hawks,Y
200757,Sefolosha, Thabo,Thabo Sefolosha,TRUE,2006,2015,thabo_sefolosha,1610612737,Atlanta,Hawks,ATL,hawks,Y
202338,Seraphin, Kevin,Kevin Seraphin,TRUE,2010,2015,kevin_seraphin,1610612752,New York,Knicks,NYK,knicks,Y
201196,Sessions, Ramon,Ramon Sessions,TRUE,2007,2015,ramon_sessions,1610612764,Washington,Wizards,WAS,wizards,Y
202697,Shumpert, Iman,Iman Shumpert,TRUE,2011,2015,iman_shumpert,1610612739,Cleveland,Cavaliers,CLE,cavaliers,Y
203613,Simmons, Jonathon,Jonathon Simmons,TRUE,2015,2015,jonathon_simmons,1610612759,San Antonio,Spurs,SAS,spurs,Y
203156,Sims, Henry,Henry Sims,TRUE,2012,2015,henry_sims,1610612751,Brooklyn,Nets,BKN,nets,Y
202713,Singler, Kyle,Kyle Singler,TRUE,2012,2015,kyle_singler,1610612760,Oklahoma City,Thunder,OKC,thunder,Y
202388,Sloan, Donald,Donald Sloan,TRUE,2011,2015,donald_sloan,1610612751,Brooklyn,Nets,BKN,nets,Y
203935,Smart, Marcus,Marcus Smart,TRUE,2014,2015,marcus_smart,1610612738,Boston,Celtics,BOS,celtics,Y
202962,Smith, Greg,Greg Smith,TRUE,2011,2015,greg_smith,1610612750,Minnesota,Timberwolves,MIN,timberwolves,Y
202397,Smith, Ish,Ish Smith,TRUE,2010,2015,ish_smith,1610612755,Philadelphia,76ers,PHI,sixers,Y
2747,Smith, J.R.,J.R. Smith,TRUE,2004,2015,jr_smith,1610612739,Cleveland,Cavaliers,CLE,cavaliers,Y
201160,Smith, Jason,Jason Smith,TRUE,2007,2015,jason_smith,1610612753,Orlando,Magic,ORL,magic,Y
2746,Smith, Josh,Josh Smith,TRUE,2004,2015,josh_smith,1610612745,Houston,Rockets,HOU,rockets,Y
203503,Snell, Tony,Tony Snell,TRUE,2013,2015,tony_snell,1610612741,Chicago,Bulls,CHI,bulls,Y
201578,Speights, Marreese,Marreese Speights,TRUE,2008,2015,marreese_speights,1610612744,Golden State,Warriors,GSW,warriors,Y
201168,Splitter, Tiago,Tiago Splitter,TRUE,2010,2015,tiago_splitter,1610612737,Atlanta,Hawks,ATL,hawks,Y
203917,Stauskas, Nik,Nik Stauskas,TRUE,2014,2015,nik_stauskas,1610612755,Philadelphia,76ers,PHI,sixers,Y
202362,Stephenson, Lance,Lance Stephenson,TRUE,2010,2015,lance_stephenson,1610612763,Memphis,Grizzlies,MEM,grizzlies,Y
1627293,Stepheson, Alex,Alex Stepheson,TRUE,2015,2015,alex_stepheson,1610612763,Memphis,Grizzlies,MEM,grizzlies,Y
2405,Stoudemire, Amar'e,Amar'e Stoudemire,TRUE,2002,2015,amare_stoudemire,1610612748,Miami,Heat,MIA,heat,Y
201155,Stuckey, Rodney,Rodney Stuckey,TRUE,2007,2015,rodney_stuckey,1610612754,Indiana,Pacers,IND,pacers,Y
203096,Sullinger, Jared,Jared Sullinger,TRUE,2012,2015,jared_sullinger,1610612738,Boston,Celtics,BOS,celtics,Y
204002,Tavares, Walter,Walter Tavares,TRUE,2015,2015,walter_tavares,1610612737,Atlanta,Hawks,ATL,hawks,Y
201952,Teague, Jeff,Jeff Teague,TRUE,2009,2015,jeff_teague,1610612737,Atlanta,Hawks,ATL,hawks,Y
203141,Teletovic, Mirza,Mirza Teletovic,TRUE,2012,2015,mirza_teletovic,1610612756,Phoenix,Suns,PHX,suns,Y
202066,Temple, Garrett,Garrett Temple,TRUE,2009,2015,garrett_temple,1610612764,Washington,Wizards,WAS,wizards,Y
1891,Terry, Jason,Jason Terry,TRUE,1999,2015,jason_terry,1610612745,Houston,Rockets,HOU,rockets,Y
202738,Thomas, Isaiah,Isaiah Thomas,TRUE,2011,2015,isaiah_thomas,1610612738,Boston,Celtics,BOS,celtics,Y
202498,Thomas, Lance,Lance Thomas,TRUE,2011,2015,lance_thomas,1610612752,New York,Knicks,NYK,knicks,Y
203138,Thompson, Hollis,Hollis Thompson,TRUE,2013,2015,hollis_thompson,1610612755,Philadelphia,76ers,PHI,sixers,Y
201574,Thompson, Jason,Jason Thompson,TRUE,2008,2015,jason_thompson,1610612761,Toronto,Raptors,TOR,raptors,Y
202691,Thompson, Klay,Klay Thompson,TRUE,2011,2015,klay_thompson,1610612744,Golden State,Warriors,GSW,warriors,Y
202684,Thompson, Tristan,Tristan Thompson,TRUE,2011,2015,tristan_t_thompson,1610612739,Cleveland,Cavaliers,CLE,cavaliers,Y
201977,Thornton, Marcus,Marcus Thornton,TRUE,2009,2015,marcus_t_thornton,1610612764,Washington,Wizards,WAS,wizards,Y
201229,Tolliver, Anthony,Anthony Tolliver,TRUE,2008,2015,anthony_tolliver,1610612765,Detroit,Pistons,DET,pistons,Y
1626253,Toupane, Axel,Axel Toupane,TRUE,2015,2015,axel_toupane,1610612743,Denver,Nuggets,DEN,nuggets,Y
1626157,Towns, Karl-Anthony,Karl-Anthony Towns,TRUE,2015,2015,karl-anthony_towns,1610612750,Minnesota,Timberwolves,MIN,timberwolves,Y
200782,Tucker, PJ,PJ Tucker,TRUE,2006,2015,pj_tucker,1610612756,Phoenix,Suns,PHX,suns,Y
202323,Turner, Evan,Evan Turner,TRUE,2010,2015,evan_turner,1610612738,Boston,Celtics,BOS,celtics,Y
1626167,Turner, Myles,Myles Turner,TRUE,2015,2015,myles_turner,1610612754,Indiana,Pacers,IND,pacers,Y
202685,Valanciunas, Jonas,Jonas Valanciunas,TRUE,2012,2015,jonas_valanciunas,1610612761,Toronto,Raptors,TOR,raptors,Y
2760,Varejao, Anderson,Anderson Varejao,TRUE,2004,2015,anderson_varejao,1610612744,Golden State,Warriors,GSW,warriors,Y
202349,Vasquez, Greivis,Greivis Vasquez,TRUE,2010,2015,greivis_vasquez,1610612749,Milwaukee,Bucks,MIL,bucks,Y
1626173,Vaughn, Rashad,Rashad Vaughn,TRUE,2015,2015,rashad_vaughn,1610612749,Milwaukee,Bucks,MIL,bucks,Y
101111,Villanueva, Charlie,Charlie Villanueva,TRUE,2005,2015,charlie_villanueva,1610612742,Dallas,Mavericks,DAL,mavericks,Y
203943,Vonleh, Noah,Noah Vonleh,TRUE,2014,2015,noah_vonleh,1610612757,Portland,Trail Blazers,POR,blazers,Y
202696,Vucevic, Nikola,Nikola Vucevic,TRUE,2011,2015,nikola_vucevic,1610612753,Orlando,Magic,ORL,magic,Y
2756,Vujacic, Sasha,Sasha Vujacic,TRUE,2004,2015,sasha_vujacic,1610612752,New York,Knicks,NYK,knicks,Y
2548,Wade, Dwyane,Dwyane Wade,TRUE,2003,2015,dwyane_wade,1610612748,Miami,Heat,MIA,heat,Y
203079,Waiters, Dion,Dion Waiters,TRUE,2012,2015,dion_waiters,1610612760,Oklahoma City,Thunder,OKC,thunder,Y
202689,Walker, Kemba,Kemba Walker,TRUE,2011,2015,kemba_walker,1610612766,Charlotte,Hornets,CHA,hornets,Y
202322,Wall, John,John Wall,TRUE,2010,2015,john_wall,1610612764,Washington,Wizards,WAS,wizards,Y
203933,Warren, TJ,TJ Warren,TRUE,2014,2015,tj_warren,1610612756,Phoenix,Suns,PHX,suns,Y
201228,Watson, CJ,CJ Watson,TRUE,2007,2015,cj_watson,1610612753,Orlando,Magic,ORL,magic,Y
1627362,Weber, Briante,Briante Weber,TRUE,2015,2015,briante_weber,1610612763,Memphis,Grizzlies,MEM,grizzlies,Y
2561,West, David,David West,TRUE,2003,2015,david_west,1610612759,San Antonio,Spurs,SAS,spurs,Y
201566,Westbrook, Russell,Russell Westbrook,TRUE,2008,2015,russell_westbrook,1610612760,Oklahoma City,Thunder,OKC,thunder,Y
202355,Whiteside, Hassan,Hassan Whiteside,TRUE,2010,2015,hassan_whiteside,1610612748,Miami,Heat,MIA,heat,Y
203963,Whittington, Shayne,Shayne Whittington,TRUE,2014,2015,shayne_whittington,1610612754,Indiana,Pacers,IND,pacers,Y
203952,Wiggins, Andrew,Andrew Wiggins,TRUE,2014,2015,andrew_wiggins,1610612750,Minnesota,Timberwolves,MIN,timberwolves,Y
203912,Wilcox, CJ,CJ Wilcox,TRUE,2014,2015,cj_wilcox,1610612746,Los Angeles,Clippers,LAC,clippers,Y
1626210,Williams, Alan,Alan Williams,TRUE,2015,2015,alan_williams,1610612756,Phoenix,Suns,PHX,suns,Y
101114,Williams, Deron,Deron Williams,TRUE,2005,2015,deron_williams,1610612742,Dallas,Mavericks,DAL,mavericks,Y
202682,Williams, Derrick,Derrick Williams,TRUE,2011,2015,derrick_williams,1610612752,New York,Knicks,NYK,knicks,Y
101150,Williams, Lou,Lou Williams,TRUE,2005,2015,louis_williams,1610612747,Los Angeles,Lakers,LAL,lakers,Y
101107,Williams, Marvin,Marvin Williams,TRUE,2005,2015,marvin_williams,1610612766,Charlotte,Hornets,CHA,hornets,Y
2590,Williams, Mo,Mo Williams,TRUE,2003,2015,maurice_williams,1610612739,Cleveland,Cavaliers,CLE,cavaliers,Y
1626159,Winslow, Justise,Justise Winslow,TRUE,2015,2015,justise_winslow,1610612748,Miami,Heat,MIA,heat,Y
203481,Withey, Jeff,Jeff Withey,TRUE,2013,2015,jeff_withey,1610612762,Utah,Jazz,UTA,jazz,Y
1626174,Wood, Christian,Christian Wood,TRUE,2015,2015,christian_wood,1610612755,Philadelphia,76ers,PHI,sixers,Y
1897,World Peace, Metta,Metta World Peace,TRUE,1999,2015,metta_world_peace,1610612747,Los Angeles,Lakers,LAL,lakers,Y
201148,Wright, Brandan,Brandan Wright,TRUE,2007,2015,brandan_wright,1610612763,Memphis,Grizzlies,MEM,grizzlies,Y
1626153,Wright, Delon,Delon Wright,TRUE,2015,2015,delon_wright,1610612761,Toronto,Raptors,TOR,raptors,Y
203100,Wroten, Tony,Tony Wroten,TRUE,2012,2015,tony_wroten,1610612752,New York,Knicks,NYK,knicks,Y
203923,Young, James,James Young,TRUE,2014,2015,james_young,1610612738,Boston,Celtics,BOS,celtics,Y
1626202,Young, Joe,Joe Young,TRUE,2015,2015,joe_young,1610612754,Indiana,Pacers,IND,pacers,Y
201156,Young, Nick,Nick Young,TRUE,2007,2015,nick_young,1610612747,Los Angeles,Lakers,LAL,lakers,Y
201152,Young, Thaddeus,Thaddeus Young,TRUE,2007,2015,thaddeus_young,1610612751,Brooklyn,Nets,BKN,nets,Y
203469,Zeller, Cody,Cody Zeller,TRUE,2013,2015,cody_zeller,1610612766,Charlotte,Hornets,CHA,hornets,Y
203092,Zeller, Tyler,Tyler Zeller,TRUE,2012,2015,tyler_zeller,1610612738,Boston,Celtics,BOS,celtics,Y
